{
  "timestamp": "2026-04-06T04:03:07.513330",
  "claude": {
    "input_tokens": 33901582,
    "output_tokens": 29013286,
    "cache_creation": 2254620538,
    "cache_read": 37446332564,
    "messages": 382582,
    "sessions": 10835,
    "total_tokens": 39763867970,
    "cost_estimate": 61201.952344
  },
  "github": {
    "repos": 234,
    "commits": 8170,
    "stars": 242,
    "followers": 1,
    "following": 0,
    "contributed_repos": 62,
    "prs": 710,
    "issues": 44,
    "loc_added": 15449601,
    "loc_deleted": 8089596,
    "loc_total": 7405089
  }
}