{
  "timestamp": "2026-02-13T01:22:54.310089",
  "claude": {
    "input_tokens": 21559720,
    "output_tokens": 16835459,
    "cache_creation": 1034390125,
    "cache_read": 11228142577,
    "total_tokens": 12300927881,
    "sessions": 4126,
    "messages": 141803,
    "cost_estimate": 22292.704797
  },
  "github": {
    "repos": 27,
    "commits": 4818,
    "stars": 4,
    "followers": 0,
    "following": 0,
    "contributed_repos": 38,
    "prs": 275,
    "issues": 39,
    "loc_added": 153368,
    "loc_deleted": 82662,
    "loc_total": 70706
  }
}