{
  "timestamp": "2026-02-28T01:08:57.172003",
  "claude": {
    "input_tokens": 21559720,
    "output_tokens": 16835459,
    "cache_creation": 1034390125,
    "cache_read": 11228142577,
    "total_tokens": 12300927881,
    "sessions": 4126,
    "messages": 141803,
    "cost_estimate": 22292.704797
  },
  "github": {
    "repos": 30,
    "commits": 5392,
    "stars": 93,
    "followers": 1,
    "following": 0,
    "contributed_repos": 43,
    "prs": 362,
    "issues": 41,
    "loc_added": 153368,
    "loc_deleted": 82662,
    "loc_total": 70706
  }
}