{
  "timestamp": "2026-04-08T01:29:37.041981",
  "claude": {
    "input_tokens": 34046311,
    "output_tokens": 29504435,
    "cache_creation": 2266743755,
    "cache_read": 37735796312,
    "messages": 385291,
    "sessions": 10876,
    "total_tokens": 40066090813,
    "cost_estimate": 61628.830021999995
  },
  "github": {
    "repos": 235,
    "commits": 8261,
    "stars": 244,
    "followers": 1,
    "following": 0,
    "contributed_repos": 65,
    "prs": 792,
    "issues": 45,
    "loc_added": 15449601,
    "loc_deleted": 8089596,
    "loc_total": 7405089
  }
}