{
  "timestamp": "2026-02-23T01:18:20.784016",
  "claude": {
    "input_tokens": 21559720,
    "output_tokens": 16835459,
    "cache_creation": 1034390125,
    "cache_read": 11228142577,
    "total_tokens": 12300927881,
    "sessions": 4126,
    "messages": 141803,
    "cost_estimate": 22292.704797
  },
  "github": {
    "repos": 31,
    "commits": 5370,
    "stars": 83,
    "followers": 0,
    "following": 0,
    "contributed_repos": 42,
    "prs": 338,
    "issues": 41,
    "loc_added": 153368,
    "loc_deleted": 82662,
    "loc_total": 70706
  }
}