{
  "timestamp": "2026-04-05T04:02:52.030932",
  "claude": {
    "input_tokens": 33771077,
    "output_tokens": 28378846,
    "cache_creation": 2235618690,
    "cache_read": 36796001877,
    "messages": 378543,
    "sessions": 10770,
    "total_tokens": 39093770490,
    "cost_estimate": 60341.264927
  },
  "github": {
    "repos": 233,
    "commits": 8034,
    "stars": 241,
    "followers": 1,
    "following": 0,
    "contributed_repos": 62,
    "prs": 708,
    "issues": 44,
    "loc_added": 15449601,
    "loc_deleted": 8089596,
    "loc_total": 7405089
  }
}