{
  "timestamp": "2026-04-05T23:30:03.541834",
  "claude": {
    "input_tokens": 33898565,
    "output_tokens": 28905015,
    "cache_creation": 2251005471,
    "cache_read": 37267641323,
    "messages": 381896,
    "sessions": 10828,
    "total_tokens": 39581450374,
    "cost_estimate": 60983.832133
  },
  "github": {
    "repos": 234,
    "commits": 8070,
    "stars": 242,
    "followers": 1,
    "following": 0,
    "contributed_repos": 62,
    "prs": 708,
    "issues": 44,
    "loc_added": 15449601,
    "loc_deleted": 8089596,
    "loc_total": 7405089
  }
}