{
  "timestamp": "2026-04-07T23:30:03.028066",
  "claude": {
    "input_tokens": 34553094,
    "output_tokens": 31120891,
    "cache_creation": 2319235864,
    "cache_read": 38914400931,
    "messages": 394987,
    "sessions": 11021,
    "total_tokens": 41299310780,
    "cost_estimate": 63385.917240999996
  },
  "github": {
    "repos": 235,
    "commits": 8261,
    "stars": 244,
    "followers": 1,
    "following": 0,
    "contributed_repos": 65,
    "prs": 792,
    "issues": 45,
    "loc_added": 15449601,
    "loc_deleted": 8089596,
    "loc_total": 7405089
  }
}