{
  "timestamp": "2026-04-08T23:30:03.913534",
  "claude": {
    "input_tokens": 35037517,
    "output_tokens": 32337339,
    "cache_creation": 2364188451,
    "cache_read": 40067290527,
    "messages": 403135,
    "sessions": 11163,
    "total_tokens": 42498853834,
    "cost_estimate": 65029.670376999995
  },
  "github": {
    "repos": 236,
    "commits": 8365,
    "stars": 251,
    "followers": 1,
    "following": 0,
    "contributed_repos": 66,
    "prs": 828,
    "issues": 45,
    "loc_added": 15449601,
    "loc_deleted": 8089596,
    "loc_total": 7405089
  }
}