{
  "timestamp": "2026-04-03T01:27:21.014916",
  "claude": {
    "input_tokens": 25354158,
    "output_tokens": 16835459,
    "cache_creation": 1400727149,
    "cache_read": 19287302695,
    "total_tokens": 20723304585,
    "sessions": 7839,
    "messages": 263831,
    "cost_estimate": 33845.733255
  },
  "github": {
    "repos": 230,
    "commits": 7960,
    "stars": 240,
    "followers": 1,
    "following": 0,
    "contributed_repos": 62,
    "prs": 707,
    "issues": 44,
    "loc_added": 15449601,
    "loc_deleted": 8089596,
    "loc_total": 7360005
  }
}