{
  "timestamp": "2026-04-04T16:35:10.250670",
  "claude": {
    "input_tokens": 33621613,
    "output_tokens": 27621597,
    "cache_creation": 2216388982,
    "cache_read": 36269892976,
    "total_tokens": 38547525168,
    "sessions": 10701,
    "messages": 373780,
    "cost_estimate": 59598.646836
  },
  "github": {
    "repos": 234,
    "commits": 7960,
    "stars": 241,
    "followers": 1,
    "following": 0,
    "contributed_repos": 62,
    "prs": 708,
    "issues": 44,
    "loc_added": 15449601,
    "loc_deleted": 8089596,
    "loc_total": 7360005
  }
}