{
  "timestamp": "2026-04-04T23:30:03.210956",
  "claude": {
    "input_tokens": 33770729,
    "output_tokens": 28336323,
    "cache_creation": 2235064293,
    "cache_read": 36769305395,
    "messages": 378241,
    "sessions": 10767,
    "total_tokens": 39066476740,
    "cost_estimate": 60307.745305000004
  },
  "github": {
    "repos": 234,
    "commits": 8034,
    "stars": 241,
    "followers": 1,
    "following": 0,
    "contributed_repos": 62,
    "prs": 708,
    "issues": 44,
    "loc_added": 15449601,
    "loc_deleted": 8089596,
    "loc_total": 7405089
  }
}