{
  "timestamp": "2026-04-08T04:03:35.855928",
  "claude": {
    "input_tokens": 34553370,
    "output_tokens": 31149958,
    "cache_creation": 2319540388,
    "cache_read": 38941957663,
    "messages": 395124,
    "sessions": 11022,
    "total_tokens": 41327201379,
    "cost_estimate": 63417.393983
  },
  "github": {
    "repos": 235,
    "commits": 8276,
    "stars": 244,
    "followers": 1,
    "following": 0,
    "contributed_repos": 65,
    "prs": 807,
    "issues": 45,
    "loc_added": 15449601,
    "loc_deleted": 8089596,
    "loc_total": 7405089
  }
}