{
  "timestamp": "2026-03-16T01:28:03.004845",
  "claude": {
    "input_tokens": 25354158,
    "output_tokens": 16835459,
    "cache_creation": 1400727149,
    "cache_read": 19287302695,
    "total_tokens": 20723304585,
    "sessions": 7839,
    "messages": 263831,
    "cost_estimate": 33845.733255
  },
  "github": {
    "repos": 223,
    "commits": 7499,
    "stars": 162,
    "followers": 1,
    "following": 0,
    "contributed_repos": 49,
    "prs": 449,
    "issues": 42,
    "loc_added": 15449601,
    "loc_deleted": 8089596,
    "loc_total": 7360005
  }
}