{
  "timestamp": "2026-02-05T01:14:48.906701",
  "claude": {
    "input_tokens": 21559720,
    "output_tokens": 16835459,
    "cache_creation": 1034390125,
    "cache_read": 11228142577,
    "total_tokens": 12300927881,
    "sessions": 4126,
    "messages": 141803,
    "cost_estimate": 22292.704797
  },
  "github": {
    "repos": 24,
    "commits": 4092,
    "stars": 0,
    "followers": 0,
    "following": 0,
    "contributed_repos": 34,
    "prs": 202,
    "issues": 38,
    "loc_added": 153368,
    "loc_deleted": 82662,
    "loc_total": 70706
  }
}