{
  "timestamp": "2026-04-04T16:52:44.006349",
  "claude": {
    "input_tokens": 33621619,
    "output_tokens": 27622162,
    "cache_creation": 2216391546,
    "cache_read": 36271076530,
    "messages": 373786,
    "sessions": 10701,
    "total_tokens": 38548711857,
    "cost_estimate": 59599.87304
  },
  "github": {
    "repos": 234,
    "commits": 8033,
    "stars": 241,
    "followers": 1,
    "following": 0,
    "contributed_repos": 62,
    "prs": 708,
    "issues": 44,
    "loc_added": 15449601,
    "loc_deleted": 8089596,
    "loc_total": 7405089
  }
}