{
  "timestamp": "2026-03-14T01:15:46.272320",
  "claude": {
    "input_tokens": 25354158,
    "output_tokens": 16835459,
    "cache_creation": 1400727149,
    "cache_read": 19287302695,
    "total_tokens": 20723304585,
    "sessions": 7839,
    "messages": 263831,
    "cost_estimate": 33845.733255
  },
  "github": {
    "repos": 222,
    "commits": 7381,
    "stars": 147,
    "followers": 1,
    "following": 0,
    "contributed_repos": 48,
    "prs": 445,
    "issues": 42,
    "loc_added": 15449601,
    "loc_deleted": 8089596,
    "loc_total": 7360005
  }
}